Id,Name,LoyaltyCard,NumberOfOrders,Surname
1,Sabine,false,42,Skocroft
2,Lewes,true,61,Freschi
3,Chrystal,false,53,Crellin
4,Wrennie,false,40,Slack
5,Neila,true,29,Piggott
6,Kynthia,false,58,Lefridge
7,Colin,false,61,Issacov
8,Clarabelle,false,3,Cawdron
9,Edie,false,10,Argontt
10,Beaufort,false,3,Dailey
11,Selene,true,2,Drinkwater
12,Vern,false,11,Brumhead
13,Mickie,true,8,Billham
14,Torrance,true,36,McKune
15,Mariana,false,25,Savatier
16,Theodore,true,49,Micah
17,Lothaire,true,32,Garfitt
18,Jania,true,45,McGougan
19,Conny,true,50,Nassie
20,Kali,false,43,Sturt
21,Ambrosio,false,36,Rosewarne
22,Horatius,true,52,Witheford
23,Tabitha,false,34,Frackiewicz
24,Dasie,true,14,Lavers
25,Ignacio,true,31,Leachman
26,Loree,false,11,Blancowe
27,Ari,false,38,Benjafield
28,Bridie,true,41,Wigzell
29,Marylee,false,65,Waldie
30,Josselyn,false,16,Ivashin
31,Drusilla,true,63,McCarly
32,Tarra,false,61,Sketchley
33,Keeley,false,2,Nower
34,Leta,false,2,Jeromson
35,Georgianna,false,27,Menpes
36,Nerte,false,49,Marrion
37,Camille,true,48,Dauney
38,Isaiah,false,24,Doogan
39,Derry,true,11,Nelle
40,Caril,true,5,Sprasen
41,Phillipp,false,46,Brosh
42,Graham,true,18,Jutson
43,Hansiain,false,53,Gove
44,Ardyth,true,57,Brockway
45,Elysha,true,20,Dwyr
46,Pincas,true,9,Larsen
47,Emile,false,28,Meineck
48,Tymon,false,45,Osbiston
49,Rycca,false,44,Kerbler
50,Chandra,false,17,Crocket
51,Fan,false,16,Rheaume
52,Sophey,true,70,Pavlata
53,Consuela,true,20,Sinson
54,Annabell,false,12,Dufore
55,Uri,false,40,Harmer
56,Celia,true,21,Lusk
57,Harli,false,15,Bulcroft
58,Merna,false,58,Cowl
59,Tynan,false,3,Cale
60,Annamarie,false,18,Novak
61,Theodor,false,21,Seefus
62,Sophey,false,21,Bastian
63,Klement,true,57,Copcote
64,Paulie,true,1,Mackelworth
65,Tally,false,21,Beilby
66,Benetta,true,17,Adamou
67,Stephanus,true,54,Crann
68,Romola,true,6,Farnfield
69,Tito,true,28,Bestar
70,Giustina,true,38,Ennever
71,Catharine,false,37,Fitzgerald
72,Klemens,false,49,Emanuele
73,Shirleen,true,2,Werrilow
74,Ewan,false,41,Gudge
75,Sigfrid,true,37,Mateuszczyk
76,Aubine,false,23,Ramm
77,Jania,true,3,Housecraft
78,Vale,true,28,Ginnaly
79,Putnam,false,25,Bangiard
80,Atlante,true,49,Ruddoch
81,Tanner,true,55,Lytton
82,Bea,false,47,Filyakov
83,Michal,true,18,Tatlow
84,Kaleb,false,31,Garret
85,Aron,true,24,Powdrill
86,Noah,false,55,Proom
87,Sky,true,20,Bardwell
88,Gregory,false,27,Witt
89,Theda,true,44,Labell
90,Justinian,true,53,Isaksen
91,Marlene,false,28,McCracken
92,Casey,false,16,Flarity
93,Ulrich,true,54,Bellsham
94,Ashby,false,5,Mallebone
95,Phillipe,true,6,Vel
96,Lulita,false,49,Frazier
97,Jaquelin,true,7,Kemmey
98,Alphonso,false,7,Stanyforth
99,Charissa,true,43,Harder
100,Jerrie,true,56,Arrington
101,Hilary,true,42,Soda
102,Vanna,false,7,Petrolli
103,Chelsie,false,6,Ballham
104,Kaycee,false,13,Lempenny
105,Zollie,false,10,Kleinert
106,Dudley,false,21,Batch
107,Lukas,false,58,Coulsen
108,Amelia,false,54,Slimmon
109,Oriana,true,10,Garnsworthy
110,Berkeley,true,67,Alfonsini
111,Ashlee,false,14,Seven
112,Kiele,false,68,Cantillion
113,Walton,true,20,Walsh
114,Darya,true,32,Gromley
115,Mariellen,true,35,Ingamells
116,Farrand,false,56,Schieferstein
117,Dexter,true,11,Minico
118,Lisbeth,false,40,McFarlane
119,Griz,true,11,Wincom
120,Gusti,true,59,Reidie
121,Caldwell,false,57,Hennemann
122,Kendall,false,34,Gadaud
123,Nevile,true,38,Tupling
124,Alli,true,31,Sansome
125,Ingemar,false,13,Enderlein
126,Candida,true,52,MacQuaker
127,Kristopher,false,30,Mathon
128,Allison,true,65,Cowle
129,Adelbert,false,29,Sommerling
130,Pren,false,17,Scard
131,Moise,false,53,Addlestone
132,Gael,false,66,Kiddey
133,Ibrahim,true,38,Eilert
134,Madlen,false,62,Copestake
135,Neysa,true,37,Zarfati
136,Lotty,true,29,O'Donohue
137,Dore,true,12,Chinnery
138,Aeriel,true,41,Leftly
139,Susanne,true,25,Dance
140,Hubey,false,69,Denes
141,Harwell,false,18,Georgeau
142,Laure,false,63,Plowell
143,Terencio,false,68,Pirkis
144,Chev,true,50,Huyge
145,Whitman,false,3,Strangwood
146,Allianora,true,36,Burdass
147,Minerva,true,6,Coode
148,Lenee,false,30,Stockow
149,Corene,true,24,Fearon
150,Clyve,false,13,Maffey
151,Obediah,false,27,Gurry
152,Esme,true,41,Buney
153,Goldarina,false,70,Cometson
154,Beverie,true,58,Leakner
155,Lorie,true,50,East
156,Emmalee,true,50,Mennell
157,Camellia,true,68,Jirick
158,Matilde,true,70,Stanyer
159,Mab,true,41,Goymer
160,Malorie,true,48,Wilsher
161,Den,false,41,Joddens
162,Eli,false,2,Riddett
163,Hildagarde,true,1,Fenck
164,Madalyn,true,12,Gout
165,Corinna,true,46,Dartnell
166,Heidie,true,27,Kubiczek
167,Godiva,false,31,Hewertson
168,Brittni,true,56,Ferne
169,Jose,false,25,McCandie
170,Bernardo,true,1,Metzig
171,Margery,false,17,Frostick
172,Boonie,false,51,Trail
173,Pren,true,23,Wilkennson
174,Jade,true,42,Gath
175,Jacquetta,false,25,Speakman
176,Harp,true,41,Carrabot
177,Pamella,false,55,Stuchburie
178,Batholomew,true,24,Ronisch
179,Kynthia,true,59,Mixhel
180,Barbey,false,28,Sawdy
181,Cari,true,21,Roelofs
182,Johnathan,false,34,McNeachtain
183,Symon,true,58,Tumber
184,Mariejeanne,true,28,Firby
185,Randie,false,58,Hillan
186,Red,false,34,Yuranovev
187,Kristoforo,false,29,Smorthit
188,Abbot,true,62,Korfmann
189,Anestassia,false,35,Healey
190,Rupert,true,13,Gotts
191,Earle,false,11,Durkin
192,Eolanda,false,41,Beine
193,Lia,false,36,Wandrach
194,Davidson,true,42,Craney
195,Jarrad,true,62,Flippini
196,Evonne,true,8,Werndley
197,Lynsey,false,54,Landeg
198,Isabel,true,15,Wild
199,Carrissa,false,24,Spyby
200,Shayna,true,59,Hincks
201,Sherlock,false,30,Stubbin
202,Nydia,true,59,Neiland
203,Ursola,false,34,McGeraghty
204,Chrystal,false,59,Lammas
205,Kennan,false,45,Calbreath
206,Liva,false,14,MacGinley
207,Dana,true,13,McEnteggart
208,Florida,false,33,Redsull
209,Addy,true,6,Skough
210,James,false,31,Shetliff
211,Aguie,true,4,Yaakov
212,Zorina,true,20,Dayley
213,Rana,true,52,Tofful
214,Peria,false,63,Elloy
215,Terra,true,42,Meardon
216,Sher,false,30,Tipper
217,Taddeo,true,12,Semon
218,Nikita,false,69,Wankel
219,Goober,false,8,Walby
220,Fons,false,53,Whittock
221,Christiana,false,14,Emmins
222,Bertrando,true,53,Bille
223,Myrtia,false,70,Strode
224,Constantino,false,5,Tutton
225,Johan,false,17,Fridd
226,Hastings,false,18,Rathbone
227,Orton,false,39,Raggett
228,Katharina,false,65,Haswall
229,Filbert,false,16,Cars
230,Grove,false,41,Myott
231,Grazia,false,27,Eddleston
232,Leonhard,true,6,Elwell
233,Delmer,true,22,Housin
234,Ashly,true,26,Potts
235,Leland,true,14,Chadwick
236,Vivie,false,12,Searles
237,Hamil,true,15,Hrachovec
238,Weidar,false,44,Deeble
239,Hulda,true,59,Jiggens
240,Nicolle,false,52,Musso
241,Karol,true,30,Cockran
242,Townsend,false,15,Rosengart
243,Xenia,false,17,Trevascus
244,Annabel,true,69,Beardshaw
245,Whitby,true,38,Ronchetti
246,Audra,false,13,Sterre
247,Gussie,true,54,Cree
248,Nadiya,false,68,Kenderdine
249,Jamey,true,19,Harlin
250,Brooks,true,63,Dellit
251,Shela,true,20,Dracksford
252,Olia,true,46,Franck
253,Lise,false,67,Caldeiro
254,Nerti,true,33,MacCaull
255,Blondell,false,51,Goutcher
256,Constancia,true,69,Furmonger
257,Harold,true,63,Full
258,Mandi,false,14,McDonell
259,Georg,true,19,Carwithen
260,Zebedee,true,49,Gland
261,Brade,false,51,Paullin
262,Jaine,true,13,Furzer
263,Erminia,false,48,Ghidini
264,Nikos,true,7,Bullman
265,Elvis,false,33,Lanning
266,Reagen,true,10,Pelfer
267,Shell,true,19,Kerbey
268,Gerda,false,40,Blabber
269,Chickie,true,24,Wastell
270,Faythe,true,69,Dionis
271,Sidney,true,3,Eliez
272,Dorotea,false,2,Coombes
273,Suzanne,false,45,Fitzackerley
274,Agnese,false,35,Baffin
275,Darrin,true,45,Webberley
276,Ashley,false,4,Brigdale
277,Filippa,false,26,Cary
278,Calida,false,50,Waud
279,Danika,false,46,Ervin
280,Gerhard,true,4,Westwell
281,Barny,true,35,Pullin
282,Elsey,true,2,Lamball
283,Kane,true,8,Muncer
284,Andriana,true,6,Mandifield
285,Willy,true,6,Chattell
286,Vanna,true,7,Bohden
287,Kendal,true,3,Goodley
288,Jackie,false,55,Franchyonok
289,Lira,false,54,Guinness
290,Bartholomeus,false,55,Baiss
291,Martelle,false,62,Iiannone
292,Patricia,true,67,Still
293,Krysta,true,49,Affron
294,Laughton,false,4,Duckering
295,Nancee,true,58,Barbrick
296,Pippo,false,10,Mourbey
297,Inna,true,18,Treske
298,Fergus,true,1,MacBey
299,Ynes,false,1,Belf
300,Perceval,false,23,Dorrian
301,Bryna,false,10,Planque
302,Yanaton,false,6,de Nore
303,Natasha,false,12,Parton
304,Jaquith,false,33,Symmons
305,Wilhelmine,true,69,Quinlan
306,Clarke,false,56,Pioli
307,Adelheid,false,5,Grimwood
308,Dallon,false,34,Maylin
309,Mord,true,26,Kluger
310,Susy,false,17,Annell
311,Augy,true,32,Toolan
312,Michal,false,18,Russilll
313,Cortie,false,25,Hurnell
314,Laurie,true,8,Hurle
315,Cleavland,false,45,Rosthorn
316,Herb,true,9,Lube
317,Moria,true,11,Gillham
318,Gustavo,true,31,Neeves
319,Dominga,false,43,Mityashin
320,Webster,false,51,Courtney
321,Clement,false,56,Brito
322,Shelden,false,23,Stubbeley
323,Florence,true,57,Rentcome
324,Trever,false,23,Spencook
325,Spike,true,64,Okill
326,Ignace,true,63,Rhodes
327,Gerianne,true,31,Pleasance
328,Salomone,false,21,Messum
329,Robin,false,11,Likely
330,Philippa,true,63,Lille
331,Norry,false,65,Aggett
332,Saundra,true,39,Barrim
333,Ynes,false,32,Gregoriou
334,Golda,true,19,Dunkley
335,Jehanna,true,45,Gleadle
336,Lonnie,true,41,McGrey
337,Randa,true,23,Murby
338,Kelcey,true,11,Comerford
339,Marice,false,66,Ghiron
340,Osborne,false,46,Luna
341,Beckie,true,47,McGeachey
342,Bourke,true,49,Pearne
343,Ros,true,12,Simkiss
344,Cinnamon,false,10,Traske
345,Austin,false,52,Yellowlee
346,Bernelle,false,47,Margach
347,Priscella,true,1,Disbrey
348,Mace,false,13,Janoschek
349,Jonie,false,6,Ambresin
350,Joe,true,52,Begwell
351,Florella,true,1,Verlinden
352,Taber,false,49,Godwin
353,Way,false,60,Rannells
354,Krystyna,false,51,Esselen
355,Barbette,true,19,Pettecrew
356,Gale,false,5,Battabee
357,Moss,false,57,Merry
358,Issi,true,6,Djokovic
359,Crystal,true,9,Hintzer
360,Berton,true,32,Biddulph
361,Terrance,false,55,Whitwham
362,Fiorenze,false,26,Jewett
363,Charmion,true,59,Costelloe
364,Dynah,true,35,Normaville
365,Eirena,true,5,Skaif
366,Alair,true,16,Tatham
367,Kelila,true,66,Genders
368,Maddie,true,48,Kobpa
369,Blaire,true,20,Johnston
370,Dee,true,39,Simionescu
371,Vicki,false,22,Hiom
372,Blair,true,33,Dearnaley
373,Maudie,true,60,Blackwell
374,Stephine,false,55,Le Franc
375,Roma,true,60,Adess
376,Kore,true,46,Braine
377,Xymenes,false,48,Tull
378,Jenn,true,61,Suller
379,Joyan,true,50,Fibbings
380,Tine,false,26,Keaysell
381,Eal,true,63,Altamirano
382,Shayla,false,10,Kopje
383,Henrik,true,36,Bygate
384,Clemmy,true,22,Mertgen
385,Thekla,false,57,Briscam
386,Willamina,true,62,Sharphouse
387,Cicily,false,62,Stepto
388,Irwin,false,27,Doorbar
389,Inglebert,false,9,Alford
390,Astrid,true,24,Saxby
391,Mac,true,64,Weedon
392,Bridgette,true,15,Cuppleditch
393,Demeter,false,61,Cattlemull
394,Zacharia,false,39,Cutchee
395,Orton,true,40,Padley
396,Tessi,true,67,Mordey
397,Doyle,true,62,Asple
398,Joseph,false,39,Sowrey
399,Raff,true,10,Paty
400,Desiree,false,29,Kilborn
401,Nonnah,true,2,Dilke
402,Bear,false,19,Tregiddo
403,Gayla,true,30,Di Francecshi
404,Nickie,false,68,Gorvette
405,Jannelle,false,21,Meert
406,Ursula,false,12,Presslie
407,Fayina,false,41,Grebert
408,Kippie,true,58,Kneale
409,Amelita,false,45,Gwyther
410,Woodie,true,15,Forson
411,Yurik,true,50,Blower
412,Blane,false,51,Vereker
413,Pauline,false,39,Blackhurst
414,Jordan,true,62,De Meyer
415,Codee,false,68,Ewbanck
416,Valenka,false,40,Ogdahl
417,Salli,true,2,Gravatt
418,Elle,false,37,Easterby
419,Killie,true,22,Wynes
420,Benton,false,43,Ielden
421,Chaim,true,11,Samwell
422,Carlina,true,49,Bloxholm
423,Cinda,true,15,Palfree
424,Mill,false,3,Redihough
425,Sloane,true,17,Lailey
426,Meier,true,26,Zanelli
427,Darcey,false,17,Challin
428,Leodora,false,1,Gooden
429,Emlen,false,15,Searston
430,Winnie,true,9,Ferreira
431,Jory,true,56,Leupoldt
432,Mariann,false,1,Burry
433,Jae,false,52,Brockest
434,Freddy,false,11,Breede
435,Vanda,true,48,Dable
436,Vikki,true,48,Nelthrop
437,Georgianne,false,7,Swanne
438,Dorine,false,32,Strippling
439,Clea,false,66,Brislane
440,Melva,false,16,Lomis
441,Ambrosio,true,45,Macken
442,Cosimo,false,55,Habeshaw
443,Warren,true,50,Danett
444,Shela,false,58,Medeway
445,Ariel,false,9,Donnellan
446,Manny,true,22,Balas
447,Dianne,false,66,L'Episcopio
448,Carmela,false,29,Bittlestone
449,Becka,false,45,Riccardo
450,Kyla,false,37,Klausen
451,Dall,false,17,Spriggin
452,Melantha,false,24,Olifaunt
453,Jolene,true,2,Lazonby
454,Hildegarde,false,25,Seaborne
455,Troy,false,30,Curwood
456,Petronille,true,27,McElhinney
457,Calypso,true,22,Inkin
458,Hesther,false,53,Foxton
459,Nick,true,27,Beades
460,Rosaline,false,32,Shoveller
461,Nikos,false,2,Cod
462,Laurie,true,29,Moorman
463,Dukey,false,1,Lytell
464,Lawrence,false,70,Ricciardelli
465,Ewell,false,64,Carik
466,Sam,true,33,Wholesworth
467,Janel,true,12,Di Biasi
468,Alvy,false,37,O'Giany
469,Elsworth,false,21,Crow
470,Elsey,true,27,Charrisson
471,Patten,true,27,Mussalli
472,Reinhold,false,53,Walwood
473,Abdul,false,48,Whitcomb
474,Reece,true,48,Vayro
475,Leoline,false,57,Greenmon
476,Erek,true,69,Bastiman
477,Corine,true,50,Swiers
478,Kort,true,63,Earthfield
479,Conway,false,65,MacAscaidh
480,Maure,true,6,Bertelet
481,Felipa,true,62,Shatliffe
482,Rancell,true,70,Barzen
483,Bertie,false,42,Eul
484,Irma,false,45,Sheather
485,Phoebe,true,53,Raitt
486,Julita,true,21,Mahaddy
487,Whitney,true,24,Megahey
488,Carter,false,1,Yarrell
489,Karen,false,59,Tutchell
490,Anne,false,18,Vanini
491,Mead,false,42,Alten
492,Rhiamon,true,46,Bossom
493,Duff,true,6,Holbarrow
494,Patsy,true,56,Pergens
495,Amity,true,18,Blasl
496,Wolfgang,false,32,Fallowfield
497,Lainey,false,25,Rubinovitch
498,Kerk,true,70,Wilshin
499,Rozanna,true,17,Siddon
500,Fredi,false,38,Dionis
