1,499,a,dessert,82.89,1481.35,true
2,417,luctus,dessert,36.74,808.71,false
3,386,at,dessert,193.3,1578.47,false
4,90,libero,dessert,72.65,2087.04,true
5,458,semper,appetizer,236.53,431.7,true
6,217,lacinia,dessert,51.8,60.87,true
7,476,duis,main course,196.87,670.7,false
8,493,risus,appetizer,237.08,400.3,false
9,210,commodo,appetizer,209.09,1670.46,true
10,174,et,main course,265.01,1091.78,false
11,52,auctor,dessert,40.81,1719.02,true
12,38,eu,dessert,212.09,1546.67,true
13,195,elementum,dessert,259.24,315.37,false
14,185,curabitur,main course,199.09,972.24,false
15,22,eget,dessert,268.41,1354.98,true
16,103,sit,appetizer,253.98,1495.46,true
17,191,accumsan,dessert,191.68,1158.95,false
18,74,semper,dessert,168.87,676.51,false
19,432,ac,main course,154.8,2118.11,false
20,155,a,main course,295.0,788.71,false
21,90,arcu,main course,140.66,363.88,true
22,226,sit,dessert,42.26,834.96,true
23,361,ut,main course,167.56,93.1,true
24,470,ridiculus,dessert,274.29,2147.02,false
25,376,venenatis,main course,284.49,1742.63,false
26,472,convallis,appetizer,145.94,1025.64,false
27,91,congue,appetizer,273.77,967.29,false
28,44,erat,main course,85.43,640.63,true
29,432,dapibus,main course,262.65,2399.09,false
30,235,augue,appetizer,272.76,1301.05,false
31,151,aenean,appetizer,265.16,811.6,true
32,350,vestibulum,appetizer,157.75,1892.08,false
33,252,primis,appetizer,219.81,942.4,true
34,63,risus,dessert,5.47,1565.28,false
35,77,nisi,dessert,291.22,833.46,false
36,108,vitae,appetizer,41.99,1758.11,false
37,45,ultrices,main course,204.39,1766.79,false
38,456,tortor,appetizer,238.44,2239.7,false
39,426,convallis,appetizer,222.23,541.47,false
40,224,cursus,appetizer,59.32,1078.45,false
41,413,non,appetizer,220.17,1158.95,false
42,445,velit,main course,204.02,1039.47,true
43,140,orci,main course,291.59,729.26,true
44,181,sapien,dessert,284.14,2481.44,false
45,392,vel,main course,39.71,422.43,true
46,111,dapibus,appetizer,284.61,41.48,false
47,424,quisque,dessert,208.82,2122.12,true
48,330,nibh,main course,206.78,2313.4,true
49,178,curabitur,main course,81.16,128.01,false
50,480,nonummy,appetizer,160.83,279.81,false
51,337,sem,dessert,178.04,1950.96,false
52,415,libero,appetizer,114.36,946.69,true
53,73,tincidunt,main course,103.23,1202.32,false
54,365,eu,appetizer,284.64,425.29,true
55,325,sed,main course,80.0,1980.61,false
56,186,risus,main course,11.13,537.3,true
57,177,aenean,main course,94.11,346.14,false
58,244,lacus,main course,21.9,2410.65,true
59,135,at,dessert,34.81,2049.09,true
60,237,rutrum,dessert,262.51,2288.77,false
61,428,in,dessert,79.05,1909.43,false
62,112,nonummy,dessert,277.75,1696.24,true
63,6,interdum,appetizer,96.79,1308.11,true
64,134,lacus,appetizer,73.22,846.75,true
65,8,in,dessert,213.46,2069.97,true
66,234,proin,main course,192.25,574.28,false
67,44,lectus,dessert,124.69,1507.79,true
68,464,ultrices,dessert,150.14,1336.06,false
69,83,nisl,main course,36.15,180.79,true
70,341,praesent,appetizer,112.69,903.74,false
71,435,faucibus,dessert,15.72,1098.4,false
72,293,sapien,appetizer,213.98,1965.54,true
73,165,magna,appetizer,33.51,1226.59,true
74,255,tincidunt,main course,205.45,747.37,true
75,461,risus,dessert,153.05,189.76,true
76,471,nam,dessert,115.26,350.58,false
77,86,quisque,main course,103.71,649.48,false
78,181,primis,appetizer,94.37,2417.07,false
79,443,augue,appetizer,189.05,1609.51,false
80,198,nisi,main course,27.18,1723.55,false
81,336,feugiat,dessert,271.77,2469.1,false
82,445,molestie,main course,29.97,1807.12,false
83,262,integer,appetizer,188.1,593.29,false
84,451,et,appetizer,126.38,2090.46,false
85,211,faucibus,main course,267.2,1220.81,true
86,292,eu,dessert,156.1,421.78,true
87,228,ut,dessert,10.66,667.96,false
88,209,id,main course,43.14,2208.97,false
89,213,sed,main course,156.7,1855.66,false
90,312,suspendisse,appetizer,262.08,934.96,true
91,485,eget,appetizer,298.96,2484.62,false
92,281,fusce,main course,251.97,7.72,true
93,253,nisi,main course,38.85,1015.85,true
94,193,maecenas,appetizer,107.94,135.06,true
95,341,sem,main course,214.25,1246.81,false
96,182,sit,main course,211.76,668.28,true
97,287,vestibulum,main course,113.2,75.91,false
98,295,integer,appetizer,290.42,720.34,true
99,379,euismod,dessert,190.64,395.14,false
100,155,sollicitudin,appetizer,83.44,311.93,false
101,272,at,dessert,270.36,1288.02,false
102,157,velit,dessert,103.22,846.45,false
103,316,metus,dessert,80.42,1170.6,false
104,21,lacus,dessert,55.11,2451.82,false
105,393,morbi,dessert,36.86,823.85,true
106,486,aenean,appetizer,200.07,1908.67,true
107,26,feugiat,appetizer,259.04,1158.02,false
108,168,justo,main course,266.01,1653.54,false
109,296,nascetur,dessert,82.34,831.82,true
110,474,et,appetizer,209.47,2323.52,false
111,297,mollis,appetizer,211.79,2230.14,false
112,420,volutpat,dessert,84.16,392.29,true
113,356,nulla,dessert,97.2,2242.97,true
114,352,non,appetizer,19.12,1783.62,true
115,161,venenatis,main course,72.36,377.32,true
116,445,justo,dessert,256.98,1382.2,false
117,342,pretium,main course,76.98,1731.22,false
118,123,ut,dessert,102.61,1284.59,false
119,484,enim,dessert,73.46,1442.55,false
120,461,imperdiet,main course,223.22,528.07,false
121,96,elementum,main course,146.37,884.93,false
122,418,at,dessert,237.35,433.16,false
123,155,mauris,appetizer,135.45,1050.21,true
124,448,duis,appetizer,85.63,688.18,true
125,455,sem,appetizer,152.69,727.2,false
126,411,luctus,main course,157.1,858.02,false
127,494,at,dessert,145.05,1912.77,true
128,63,mi,dessert,125.32,621.51,false
129,165,in,dessert,277.2,1251.96,true
130,430,ligula,dessert,202.33,665.76,false
131,186,in,main course,66.94,544.01,false
132,7,cursus,appetizer,110.56,2232.38,true
133,377,ut,dessert,53.49,348.17,false
134,318,parturient,main course,116.76,1670.63,true
135,435,metus,appetizer,169.34,920.67,true
136,24,in,appetizer,122.19,503.73,false
137,73,phasellus,dessert,68.24,1174.25,true
138,230,ante,dessert,20.17,1079.24,false
139,88,sed,dessert,89.78,1604.06,true
140,350,convallis,main course,9.82,91.84,false
141,469,cras,main course,22.82,1590.7,false
142,148,justo,dessert,117.27,1656.63,true
143,359,duis,main course,298.71,925.36,true
144,13,nec,appetizer,85.35,698.55,false
145,341,nulla,appetizer,186.55,1212.94,true
146,400,vivamus,main course,276.28,2288.69,true
147,63,pede,main course,282.43,819.54,false
148,355,mauris,dessert,163.68,1275.99,true
149,278,potenti,main course,299.36,1449.39,false
150,430,felis,appetizer,65.96,1727.22,true
151,474,eu,appetizer,232.03,1571.49,false
152,100,nec,appetizer,104.93,1810.15,false
153,404,nulla,dessert,241.16,606.68,false
154,184,porttitor,appetizer,291.62,2423.24,false
155,342,posuere,appetizer,91.79,389.16,true
156,48,maecenas,dessert,58.82,938.27,true
157,354,felis,main course,212.59,719.3,true
158,207,curabitur,main course,260.43,225.97,true
159,39,ridiculus,main course,227.7,1167.9,true
160,210,in,dessert,165.28,1566.64,true
161,455,lobortis,appetizer,271.64,700.03,false
162,473,sit,appetizer,144.49,456.44,true
163,317,id,dessert,19.74,781.36,true
164,170,mauris,dessert,215.09,13.72,false
165,166,pellentesque,dessert,111.25,1453.66,true
166,421,in,dessert,32.52,1283.68,false
167,388,ultrices,main course,114.92,730.15,true
168,44,nunc,dessert,298.02,1928.69,true
169,45,porttitor,dessert,170.9,1721.89,true
170,393,iaculis,dessert,124.52,1669.22,true
171,360,platea,appetizer,251.75,1724.64,false
172,372,lorem,dessert,115.71,1531.49,true
173,39,mauris,dessert,163.41,2009.64,false
174,342,mi,dessert,282.76,259.57,true
175,77,amet,appetizer,179.11,1634.86,false
176,66,auctor,appetizer,26.19,679.96,true
177,295,donec,appetizer,75.24,270.25,false
178,328,justo,main course,67.83,688.78,false
179,55,convallis,dessert,279.86,447.53,true
180,130,ac,dessert,122.03,114.95,false
181,428,blandit,main course,175.13,730.9,false
182,210,elementum,dessert,248.14,99.91,false
183,13,tincidunt,dessert,192.15,91.62,true
184,484,lobortis,appetizer,86.09,730.07,true
185,124,fusce,appetizer,143.75,754.46,true
186,37,maecenas,main course,194.35,637.94,true
187,105,lobortis,main course,154.93,212.06,true
188,273,in,appetizer,200.14,2340.97,true
189,57,nec,main course,27.03,1008.12,false
190,275,in,appetizer,135.96,1677.83,true
191,117,turpis,dessert,148.89,843.82,true
192,72,sit,dessert,119.88,1980.2,true
193,244,sit,main course,2.19,2072.73,false
194,121,faucibus,main course,217.65,1738.24,false
195,360,eros,appetizer,91.62,147.74,false
196,430,primis,dessert,50.71,526.58,false
197,330,non,dessert,11.78,454.96,false
198,210,praesent,dessert,27.37,1701.42,true
199,406,sapien,dessert,56.52,730.65,false
200,72,interdum,dessert,104.85,1709.67,false
201,107,mauris,appetizer,142.49,2304.01,false
202,480,eleifend,dessert,66.42,1786.43,true
203,84,enim,appetizer,236.41,2367.48,true
204,444,pharetra,main course,223.73,545.53,true
205,271,ac,appetizer,207.43,860.4,false
206,213,enim,main course,275.22,340.4,false
207,62,mus,main course,114.71,9.77,true
208,101,ligula,dessert,32.88,395.41,false
209,246,luctus,dessert,16.49,466.15,false
210,208,libero,dessert,36.92,496.92,true
211,5,eleifend,dessert,162.23,893.86,true
212,299,donec,main course,195.83,1456.75,true
213,181,nulla,main course,82.2,1494.63,true
214,158,ornare,appetizer,128.95,2482.87,true
215,302,donec,appetizer,140.26,1488.42,false
216,481,mattis,appetizer,138.73,102.79,true
217,168,in,appetizer,287.15,1964.21,false
218,307,eget,main course,18.93,1699.76,false
219,56,nibh,appetizer,7.68,1646.96,false
220,235,arcu,appetizer,12.89,1190.26,false
221,107,turpis,dessert,183.86,369.65,true
222,288,magna,dessert,289.24,2285.98,false
223,258,ac,appetizer,172.81,574.04,true
224,484,orci,appetizer,241.92,783.72,false
225,85,turpis,dessert,240.82,1819.57,true
226,382,morbi,main course,214.14,1111.54,true
227,307,vestibulum,dessert,258.69,1508.77,false
228,226,ultrices,appetizer,54.68,1198.04,true
229,77,sapien,dessert,243.45,1291.15,false
230,312,erat,main course,233.93,1161.07,true
231,194,purus,dessert,297.16,1725.62,false
232,260,diam,dessert,82.22,1642.47,false
233,167,nulla,appetizer,2.65,1412.96,false
234,89,ornare,dessert,133.11,1784.12,true
235,321,tellus,dessert,93.02,1077.18,true
236,16,magna,dessert,105.41,120.49,false
237,213,quisque,main course,69.9,795.85,true
238,272,libero,main course,94.8,2304.48,false
239,51,volutpat,appetizer,261.26,833.56,false
240,161,consectetuer,main course,207.6,348.69,true
241,286,eros,appetizer,184.02,1868.99,false
242,485,sit,appetizer,266.81,1746.67,false
243,383,nec,dessert,290.79,2216.18,false
244,244,convallis,main course,141.67,2324.24,true
245,209,sollicitudin,main course,90.49,1578.38,false
246,428,elit,dessert,295.94,436.89,true
247,425,platea,main course,26.39,2447.33,false
248,456,nulla,dessert,93.85,822.19,false
249,448,elit,main course,7.5,1352.38,true
250,358,vivamus,appetizer,227.94,818.46,true
251,291,vel,main course,115.39,1221.14,false
252,384,dolor,appetizer,243.77,686.68,true
253,237,eget,appetizer,25.36,190.88,true
254,400,integer,dessert,273.05,864.88,true
255,484,turpis,main course,158.82,864.89,false
256,417,turpis,main course,71.6,2227.86,true
257,438,nibh,appetizer,246.28,1190.19,true
258,325,eget,appetizer,183.1,1081.28,false
259,117,rhoncus,main course,25.39,2149.01,false
260,371,ultrices,main course,167.76,2237.22,true
261,323,vel,appetizer,73.55,774.51,false
262,318,neque,dessert,189.98,991.37,true
263,287,congue,appetizer,224.27,2049.04,true
264,141,cubilia,main course,59.45,691.73,true
265,252,accumsan,dessert,54.41,1545.17,true
266,62,lobortis,dessert,288.66,1326.96,false
267,424,habitasse,appetizer,185.18,1988.33,false
268,305,adipiscing,main course,274.5,1820.2,true
269,462,in,main course,21.9,1723.98,false
270,402,ultrices,main course,221.44,1640.78,false
271,293,nunc,main course,163.62,1523.15,true
272,310,eleifend,appetizer,229.15,1306.85,true
273,349,aliquet,dessert,124.09,305.04,false
274,126,convallis,appetizer,175.52,1833.6,false
275,24,fusce,dessert,175.18,1075.87,false
276,457,sagittis,main course,6.52,365.33,false
277,306,ut,main course,42.29,1593.94,false
278,103,mauris,appetizer,95.05,2120.27,true
279,374,maecenas,dessert,155.9,1974.86,true
280,371,turpis,appetizer,252.66,94.48,false
281,129,lacinia,appetizer,56.81,505.08,true
282,289,phasellus,appetizer,89.02,1449.61,false
283,28,duis,appetizer,109.17,56.57,false
284,337,sit,main course,201.04,1355.06,true
285,256,erat,dessert,25.29,108.58,false
286,327,pretium,dessert,85.11,138.12,true
287,245,sit,appetizer,160.46,406.58,true
288,263,metus,main course,132.16,1007.66,true
289,438,quis,main course,261.75,226.5,false
290,78,at,appetizer,273.48,18.58,false
291,301,posuere,dessert,1.61,1941.45,true
292,363,donec,dessert,284.03,1947.0,true
293,74,cras,main course,185.73,1768.14,true
294,497,leo,dessert,297.18,2411.62,false
295,42,etiam,appetizer,294.35,310.32,true
296,21,a,main course,179.64,479.87,true
297,57,tristique,appetizer,98.44,2000.97,false
298,467,lacus,dessert,166.26,470.4,false
299,483,et,appetizer,33.21,116.69,false
300,410,nam,dessert,110.66,1100.02,false
301,102,habitasse,appetizer,237.94,2272.62,false
302,403,odio,main course,176.86,1973.09,true
303,324,ac,dessert,112.93,1420.21,false
304,163,phasellus,main course,96.55,1778.83,false
305,374,bibendum,main course,206.77,1753.03,false
306,147,ultricies,dessert,245.95,1732.64,false
307,470,id,dessert,77.05,2358.57,true
308,276,nibh,main course,298.99,767.81,false
309,410,ligula,appetizer,170.01,343.86,false
310,270,eu,appetizer,255.86,1169.42,false
311,359,morbi,main course,46.65,1962.54,false
312,154,praesent,main course,227.92,1206.14,false
313,366,volutpat,appetizer,258.97,1183.81,true
314,434,ac,main course,252.8,734.86,true
315,73,felis,dessert,287.11,757.05,true
316,311,odio,appetizer,15.55,1335.85,true
317,66,integer,appetizer,44.96,342.99,false
318,436,sed,main course,29.96,375.27,false
319,346,id,appetizer,273.98,2442.73,false
320,215,congue,main course,110.83,980.92,true
321,26,sit,dessert,261.61,1562.66,true
322,408,vitae,main course,242.18,1861.17,true
323,371,sociis,appetizer,49.26,2255.93,false
324,317,elementum,dessert,221.32,270.41,true
325,279,odio,dessert,245.63,801.34,true
326,52,primis,appetizer,86.51,697.17,true
327,318,morbi,main course,281.4,1024.3,true
328,450,dictumst,dessert,207.67,145.09,true
329,339,donec,appetizer,86.43,153.89,true
330,42,magna,dessert,203.08,2301.28,true
331,483,blandit,dessert,131.57,1430.94,true
332,97,ut,main course,170.86,2426.41,true
333,90,sit,appetizer,81.96,68.29,true
334,455,nulla,appetizer,41.04,2247.36,true
335,374,morbi,main course,178.48,1900.49,true
336,283,metus,main course,182.81,1870.53,false
337,401,natoque,appetizer,249.32,239.55,true
338,389,in,main course,95.31,2441.65,true
339,284,rhoncus,appetizer,125.79,377.36,true
340,308,augue,main course,112.84,2462.81,false
341,240,justo,main course,74.34,1385.94,true
342,392,quisque,dessert,227.78,2213.24,true
343,54,ac,dessert,249.35,2383.6,false
344,217,vulputate,dessert,228.06,724.4,true
345,32,lectus,appetizer,186.15,643.52,false
346,331,ut,dessert,106.19,1036.1,true
347,473,est,appetizer,100.22,2203.96,true
348,308,nunc,main course,132.77,1864.88,true
349,326,nibh,dessert,297.5,1978.97,true
350,81,ultrices,appetizer,244.93,2128.05,true
351,252,volutpat,appetizer,139.63,286.7,true
352,87,ac,appetizer,185.18,2093.2,false
353,318,tellus,dessert,20.67,2341.73,false
354,408,nonummy,appetizer,149.71,2037.16,false
355,349,elementum,appetizer,2.7,591.7,false
356,372,eu,main course,197.69,1378.53,true
357,133,ridiculus,main course,65.06,746.31,false
358,342,quisque,appetizer,51.38,1181.33,true
359,480,quis,appetizer,46.85,72.96,false
360,139,vestibulum,dessert,280.7,2.77,true
361,77,odio,dessert,98.85,1177.24,true
362,4,leo,dessert,97.57,432.87,false
363,447,dolor,dessert,195.81,2137.19,true
364,41,in,dessert,234.09,476.48,false
365,413,in,main course,15.4,1425.65,true
366,269,accumsan,dessert,155.44,1830.83,true
367,48,odio,dessert,9.06,632.19,false
368,99,facilisi,appetizer,229.56,251.37,false
369,118,dolor,main course,279.6,1977.7,true
370,202,sapien,dessert,278.41,181.22,false
371,485,dui,dessert,37.94,2356.05,true
372,36,vel,appetizer,242.37,1366.86,false
373,280,est,appetizer,140.75,1279.23,true
374,4,mus,appetizer,202.64,1034.27,false
375,456,lectus,main course,122.6,2248.04,true
376,237,penatibus,dessert,264.71,2225.07,true
377,163,ante,appetizer,207.4,743.4,true
378,12,mus,main course,14.06,2134.88,false
379,100,pretium,main course,159.97,1004.61,false
380,442,imperdiet,appetizer,124.8,1436.37,false
381,12,luctus,dessert,260.09,2025.44,true
382,277,semper,dessert,292.76,971.45,true
383,137,massa,appetizer,96.03,1808.22,false
384,231,varius,dessert,90.01,539.03,false
385,443,est,main course,245.48,388.97,true
386,252,duis,main course,82.0,909.5,false
387,113,eu,dessert,175.76,65.25,true
388,33,ac,main course,246.11,1302.68,true
389,105,luctus,dessert,35.53,591.78,false
390,411,a,dessert,96.5,587.92,true
391,328,integer,appetizer,16.52,1752.09,false
392,298,id,main course,259.99,656.26,false
393,291,blandit,main course,7.69,34.24,false
394,122,non,main course,133.25,1490.87,true
395,150,orci,appetizer,100.72,1258.61,true
396,364,mi,dessert,298.81,460.09,true
397,7,rhoncus,dessert,191.3,1428.33,false
398,270,turpis,main course,182.77,623.69,true
399,219,vel,dessert,251.91,1944.2,true
400,23,non,appetizer,46.92,2014.24,false
401,405,amet,main course,255.94,325.77,false
402,257,nibh,main course,146.58,763.75,true
403,416,tempus,main course,85.57,1584.63,true
404,47,nulla,main course,38.47,2054.71,true
405,4,eu,dessert,23.2,94.06,false
406,335,justo,dessert,74.79,2113.93,true
407,130,lorem,main course,62.98,808.51,true
408,472,turpis,dessert,93.98,1656.88,true
409,280,mauris,appetizer,263.3,1606.78,true
410,463,amet,main course,105.94,2126.52,true
411,348,vestibulum,appetizer,283.63,644.81,true
412,345,consequat,appetizer,123.31,1056.65,true
413,105,a,appetizer,116.04,519.62,true
414,244,justo,dessert,94.14,770.52,true
415,145,nullam,main course,286.93,2437.32,false
416,367,orci,main course,202.92,1569.06,true
417,299,ante,appetizer,261.9,1947.37,true
418,402,vel,dessert,181.13,1295.66,false
419,331,a,appetizer,29.97,742.7,false
420,322,iaculis,dessert,188.22,651.86,false
421,12,orci,main course,24.12,182.4,true
422,500,porttitor,dessert,254.06,220.09,false
423,389,fermentum,main course,82.89,2453.17,true
424,420,ante,main course,29.69,2217.35,true
425,296,id,main course,274.97,2055.54,true
426,143,a,main course,113.84,2079.97,true
427,52,in,dessert,247.45,727.82,true
428,186,elit,appetizer,107.96,1507.01,true
429,206,mus,appetizer,125.5,170.85,false
430,31,nulla,appetizer,210.36,2018.72,false
431,235,mi,main course,138.56,533.99,true
432,275,primis,main course,284.32,908.88,true
433,335,at,appetizer,227.41,669.73,false
434,381,luctus,dessert,220.84,456.01,true
435,346,duis,appetizer,262.19,272.74,false
436,446,in,main course,234.97,1173.08,false
437,368,dictumst,main course,148.51,790.97,true
438,36,in,main course,254.04,2097.51,false
439,223,eget,dessert,298.28,2332.17,false
440,103,amet,dessert,14.08,1817.44,true
441,156,ut,dessert,238.09,634.58,false
442,117,ultricies,main course,227.13,2183.69,false
443,85,potenti,appetizer,263.36,1561.01,true
444,251,et,appetizer,66.23,731.49,false
445,332,pede,dessert,163.6,326.13,false
446,85,feugiat,dessert,293.78,558.23,false
447,5,a,appetizer,18.89,79.86,false
448,10,nisl,dessert,231.68,182.31,true
449,446,congue,main course,82.41,2443.92,true
450,3,dolor,main course,18.16,2470.52,false
451,123,tristique,appetizer,189.25,319.29,false
452,427,ultrices,appetizer,42.68,370.79,true
453,182,rhoncus,appetizer,119.93,1559.97,false
454,391,eu,dessert,62.64,728.37,true
455,131,nisl,appetizer,259.21,1796.96,false
456,80,in,dessert,27.48,1477.01,false
457,383,tellus,appetizer,233.06,541.88,true
458,189,aliquet,dessert,226.3,423.65,true
459,178,augue,dessert,242.5,925.25,true
460,123,viverra,appetizer,26.24,2493.3,true
461,5,gravida,appetizer,45.34,1646.54,true
462,152,sed,main course,105.18,1851.14,true
463,292,at,appetizer,189.42,1290.42,false
464,189,volutpat,appetizer,29.88,1042.75,true
465,274,vivamus,appetizer,104.42,1021.61,true
466,412,vel,dessert,212.26,1459.07,true
467,77,commodo,dessert,245.21,35.61,true
468,251,morbi,appetizer,9.92,1421.96,false
469,174,et,appetizer,123.48,768.22,true
470,143,id,appetizer,89.02,1277.32,false
471,21,donec,main course,293.76,316.29,false
472,292,pellentesque,appetizer,286.42,2116.13,false
473,297,venenatis,dessert,148.8,1359.17,true
474,1,sit,dessert,42.27,1182.95,true
475,478,pede,appetizer,55.82,915.19,false
476,259,orci,main course,55.59,1038.68,false
477,495,primis,appetizer,19.18,1280.99,false
478,66,interdum,dessert,112.55,1476.39,true
479,481,est,dessert,210.02,2423.56,true
480,151,nulla,dessert,210.76,672.41,true
481,481,sit,appetizer,64.94,2389.64,true
482,99,semper,appetizer,159.89,387.06,false
483,12,amet,dessert,213.93,2259.28,false
484,5,in,dessert,185.88,1870.13,false
485,439,ante,main course,274.58,1642.96,false
486,242,phasellus,main course,198.49,485.99,true
487,336,rutrum,main course,204.44,2491.91,true
488,252,suspendisse,main course,237.04,1700.05,true
489,392,sem,appetizer,268.69,542.9,false
490,477,sodales,main course,279.13,2070.06,false
491,33,nibh,appetizer,135.11,1068.46,false
492,17,in,appetizer,58.0,1149.9,false
493,193,nulla,dessert,271.18,296.16,true
494,149,sapien,main course,140.96,621.67,true
495,89,in,dessert,241.11,1858.15,true
496,196,neque,dessert,51.87,1364.92,true
497,161,lectus,appetizer,208.54,1536.18,true
498,190,nunc,appetizer,270.69,496.53,true
499,157,fermentum,dessert,203.2,570.98,false
500,252,ipsum,dessert,10.32,2069.96,true
501,475,in,main course,33.15,8.68,false
502,55,et,main course,97.1,521.23,false
503,171,est,appetizer,184.86,763.18,false
504,416,ornare,dessert,154.21,716.8,false
505,493,vel,main course,217.83,2040.08,true
506,366,turpis,appetizer,188.0,1488.73,false
507,356,eu,appetizer,46.91,2417.46,true
508,44,curabitur,main course,214.39,724.84,false
509,422,metus,appetizer,163.37,2414.13,false
510,37,pede,main course,229.51,286.78,true
511,395,interdum,appetizer,165.02,1271.79,true
512,6,sed,appetizer,1.94,2061.86,false
513,253,massa,appetizer,235.72,1800.51,false
514,232,porttitor,appetizer,37.99,1134.48,true
515,306,libero,dessert,86.89,1500.65,true
516,117,tincidunt,appetizer,272.93,1760.29,false
517,148,in,dessert,76.84,368.5,true
518,235,sed,appetizer,45.38,2138.03,false
519,365,erat,appetizer,202.75,1504.81,true
520,115,volutpat,appetizer,28.15,1554.97,false
521,276,ante,main course,129.53,2093.86,false
522,233,sagittis,dessert,40.35,2105.37,true
523,383,sed,main course,36.55,2431.05,false
524,27,dictumst,dessert,209.1,1284.69,true
525,258,viverra,dessert,235.36,292.14,true
526,273,ut,appetizer,215.32,368.67,true
527,112,nisl,dessert,270.67,1568.98,true
528,468,cubilia,dessert,11.36,2169.44,false
529,96,non,dessert,129.59,2094.54,true
530,143,nulla,dessert,290.7,48.87,true
531,30,sollicitudin,appetizer,258.74,893.18,false
532,495,risus,dessert,75.32,1636.96,false
533,70,metus,main course,176.12,1414.25,true
534,380,purus,dessert,238.29,1643.19,true
535,168,primis,main course,147.95,1243.66,false
536,138,et,appetizer,61.58,214.4,true
537,285,enim,appetizer,112.88,590.99,false
538,223,aliquet,appetizer,113.78,625.95,true
539,291,sed,main course,293.95,599.43,false
540,154,quam,appetizer,192.63,358.93,true
541,453,eget,appetizer,147.08,725.97,false
542,312,gravida,appetizer,162.25,1959.45,false
543,289,elementum,main course,44.86,1583.3,false
544,327,donec,appetizer,65.05,1139.02,false
545,258,nullam,main course,91.37,447.65,false
546,447,tristique,main course,167.85,687.52,false
547,317,eu,main course,82.29,665.35,false
548,387,enim,dessert,183.01,1735.13,true
549,358,integer,dessert,244.41,1519.4,true
550,257,venenatis,appetizer,120.03,1352.48,false
551,244,aliquam,main course,298.83,690.88,false
552,16,lacinia,appetizer,208.91,1355.43,true
553,412,tempus,main course,56.64,768.55,false
554,163,nam,dessert,166.23,2418.66,true
555,327,ante,dessert,100.16,1946.62,true
556,460,lorem,main course,202.72,1858.71,false
557,118,dapibus,dessert,143.27,2387.93,true
558,329,lobortis,dessert,78.3,2248.84,false
559,415,eget,main course,134.66,1681.8,false
560,317,id,appetizer,192.35,1068.38,true
561,378,ut,dessert,207.93,422.19,false
562,445,neque,dessert,130.97,237.88,false
563,322,tellus,main course,51.24,2183.32,true
564,345,blandit,dessert,99.4,2388.24,false
565,94,est,main course,145.57,975.11,true
566,25,pulvinar,main course,3.44,2026.74,false
567,493,molestie,main course,236.24,2127.95,false
568,216,amet,appetizer,279.29,1723.36,false
569,91,non,main course,140.0,1782.34,false
570,57,donec,main course,78.96,382.39,true
571,262,ante,appetizer,295.25,1480.73,true
572,85,nunc,dessert,24.63,742.38,true
573,115,tincidunt,dessert,141.32,1340.5,false
574,399,vel,dessert,254.0,1826.78,false
575,68,convallis,appetizer,265.12,2410.79,true
576,354,eget,main course,292.66,2285.42,true
577,159,natoque,appetizer,50.09,1358.29,false
578,100,tellus,main course,192.41,1815.27,true
579,488,posuere,main course,264.95,1803.93,true
580,370,in,main course,88.83,618.74,false
581,450,non,main course,260.94,2496.73,true
582,215,eget,main course,61.43,932.13,false
583,490,erat,dessert,225.41,397.9,true
584,334,amet,dessert,257.46,1162.63,false
585,431,dictumst,main course,14.0,480.28,true
586,180,sit,dessert,17.26,964.77,false
587,439,pellentesque,dessert,261.05,1613.84,true
588,240,varius,main course,55.38,2320.96,true
589,185,vestibulum,dessert,222.78,117.83,true
590,5,ante,main course,262.14,1012.61,false
591,340,lacinia,appetizer,31.33,316.65,false
592,267,sapien,main course,132.97,665.91,false
593,168,cubilia,appetizer,27.68,12.47,false
594,477,lacinia,appetizer,106.78,1019.24,false
595,151,mauris,main course,101.54,142.16,true
596,23,rhoncus,appetizer,279.58,2280.19,false
597,180,in,dessert,146.08,282.6,false
598,20,urna,appetizer,207.88,531.05,true
599,223,cubilia,main course,273.42,1562.42,true
600,89,suspendisse,main course,178.55,175.76,true
601,19,tortor,appetizer,120.86,1956.16,false
602,234,lectus,appetizer,283.42,2109.91,false
603,24,nulla,appetizer,76.68,159.65,false
604,351,blandit,appetizer,254.68,1539.47,false
605,225,arcu,main course,145.41,1809.06,true
606,273,vulputate,main course,55.55,175.1,false
607,419,diam,appetizer,242.59,2188.99,false
608,355,ipsum,appetizer,71.18,2133.49,true
609,431,amet,appetizer,70.87,291.18,true
610,278,quam,main course,181.18,2169.85,true
611,164,morbi,appetizer,145.02,2258.57,false
612,307,maecenas,dessert,240.85,419.88,false
613,476,sed,dessert,197.31,1624.74,false
614,169,leo,dessert,100.5,1008.93,true
615,19,sapien,main course,180.86,1204.28,false
616,46,metus,appetizer,114.44,2.21,true
617,108,proin,main course,16.62,2326.88,true
618,309,morbi,appetizer,267.68,2367.79,true
619,419,pellentesque,dessert,166.38,129.21,true
620,199,consequat,appetizer,181.9,1267.75,false
621,80,eu,appetizer,5.92,2218.4,false
622,224,nulla,appetizer,166.11,1941.51,false
623,238,proin,appetizer,90.21,2385.77,true
624,156,maecenas,dessert,11.77,621.32,false
625,208,tortor,main course,232.61,1195.67,true
626,270,enim,dessert,154.07,1624.97,true
627,4,nec,appetizer,17.33,1825.62,false
628,4,in,appetizer,18.17,1094.64,false
629,390,vel,appetizer,190.77,1804.41,false
630,284,consequat,main course,86.19,924.09,true
631,405,risus,main course,296.87,140.05,true
632,126,curabitur,main course,142.14,676.66,true
633,7,congue,main course,205.28,1475.47,false
634,166,nulla,appetizer,52.44,2383.42,true
635,99,bibendum,main course,55.85,849.34,false
636,142,felis,dessert,173.2,1455.86,false
637,422,nisl,main course,116.09,718.94,false
638,477,sapien,main course,162.75,998.57,false
639,142,eros,main course,110.16,62.26,true
640,120,tincidunt,main course,125.04,500.23,false
641,251,sit,main course,74.39,1168.46,true
642,352,donec,appetizer,191.89,186.62,true
643,433,purus,dessert,25.64,1010.1,false
644,243,consequat,appetizer,239.65,502.89,true
645,485,est,appetizer,75.08,1509.31,true
646,439,condimentum,appetizer,293.44,2030.58,true
647,76,nulla,appetizer,33.15,379.42,false
648,443,velit,appetizer,258.01,281.9,false
649,390,justo,main course,177.36,2279.1,true
650,162,fringilla,appetizer,67.71,2487.07,true
651,91,fusce,appetizer,160.02,2094.67,true
652,56,in,dessert,195.19,2191.1,true
653,38,sed,main course,234.12,1157.57,false
654,265,feugiat,appetizer,143.37,1321.35,true
655,462,justo,appetizer,41.51,1645.86,false
656,488,cursus,appetizer,125.58,1707.24,true
657,47,pretium,appetizer,263.43,2256.06,true
658,74,suspendisse,appetizer,287.31,1765.46,false
659,77,nulla,dessert,64.33,2400.24,true
660,254,luctus,main course,39.42,991.73,true
661,199,vel,dessert,205.46,1342.82,false
662,420,sapien,appetizer,248.8,2111.45,true
663,327,bibendum,main course,40.93,1757.93,true
664,164,porttitor,main course,120.4,2010.18,true
665,81,posuere,dessert,246.33,1439.18,true
666,323,a,appetizer,188.45,1354.69,true
667,84,et,appetizer,30.88,2198.98,true
668,363,felis,main course,141.82,230.7,true
669,153,feugiat,dessert,92.83,113.3,false
670,57,leo,dessert,30.67,476.17,true
671,37,vel,main course,245.08,156.65,false
672,12,nascetur,dessert,275.36,1043.19,true
673,134,eu,appetizer,192.65,1333.78,false
674,274,aliquam,main course,261.84,1436.24,false
675,304,maecenas,appetizer,159.85,1156.6,true
676,180,praesent,appetizer,158.7,583.04,true
677,499,massa,dessert,50.74,1922.87,false
678,312,nulla,appetizer,252.39,25.4,true
679,289,nulla,dessert,72.71,503.83,true
680,194,ipsum,appetizer,265.14,473.63,true
681,111,aliquam,appetizer,6.01,1416.29,false
682,146,justo,main course,69.08,2191.79,false
683,15,in,main course,211.51,561.72,true
684,325,mi,main course,80.11,985.14,true
685,499,curabitur,appetizer,4.89,24.41,false
686,184,est,appetizer,181.88,321.97,true
687,273,amet,main course,285.68,442.91,true
688,484,lobortis,appetizer,87.91,519.26,true
689,437,sagittis,dessert,8.02,2018.2,true
690,66,vestibulum,main course,240.78,1014.48,false
691,490,vitae,appetizer,281.52,402.18,false
692,331,maecenas,main course,177.61,4.53,false
693,95,eros,main course,292.08,2215.2,true
694,481,vivamus,appetizer,224.09,1484.27,false
695,101,nulla,dessert,184.01,1475.5,true
696,486,ultrices,main course,137.21,928.53,false
697,442,aenean,dessert,115.8,1691.49,false
698,416,sociis,appetizer,26.86,118.98,false
699,344,lorem,main course,289.95,1723.65,true
700,485,odio,appetizer,234.85,1067.45,false
701,189,convallis,main course,162.89,498.21,false
702,388,nec,main course,52.25,278.75,true
703,469,neque,dessert,271.65,2441.28,true
704,55,non,main course,200.66,1628.75,false
705,411,vel,dessert,254.46,1393.54,true
706,173,luctus,dessert,29.69,1207.3,false
707,127,pede,dessert,294.79,1646.82,false
708,39,ante,appetizer,111.01,301.56,true
709,267,praesent,dessert,200.07,47.68,true
710,256,dui,appetizer,99.84,1430.46,false
711,324,morbi,appetizer,212.49,52.02,false
712,113,lacus,appetizer,201.42,1431.19,false
713,302,tincidunt,main course,60.79,1136.76,false
714,418,morbi,dessert,78.24,1965.32,false
715,138,lobortis,appetizer,159.65,185.96,false
716,485,nascetur,dessert,97.81,851.07,false
717,172,et,dessert,69.97,55.97,false
718,444,mattis,main course,154.33,1298.76,true
719,17,quisque,main course,4.79,1555.72,false
720,165,ut,main course,84.83,1545.82,false
721,340,felis,dessert,241.23,1842.15,false
722,310,morbi,dessert,64.2,1870.94,false
723,477,non,main course,138.63,1209.62,false
724,127,lectus,main course,10.99,345.25,false
725,57,euismod,appetizer,40.92,818.26,true
726,178,amet,appetizer,241.35,1372.38,false
727,231,in,appetizer,172.18,892.79,false
728,30,cum,appetizer,265.25,1314.64,true
729,62,nec,main course,282.22,263.45,false
730,159,phasellus,main course,169.18,1455.98,true
731,181,erat,dessert,186.11,579.89,false
732,112,volutpat,dessert,143.37,2165.63,true
733,270,magna,main course,88.21,620.32,false
734,282,pede,main course,50.32,2030.98,true
735,420,in,dessert,206.98,521.4,false
736,42,tempor,dessert,296.13,97.77,true
737,212,ac,dessert,46.68,584.16,false
738,240,consequat,main course,97.27,1013.52,false
739,264,duis,dessert,68.19,735.84,true
740,130,libero,dessert,129.02,2256.97,false
741,328,ac,appetizer,162.37,1968.36,true
742,64,ornare,appetizer,40.74,2321.77,false
743,173,at,main course,178.29,1996.86,false
744,493,ultrices,main course,178.68,1083.1,true
745,287,erat,main course,41.77,1156.69,true
746,73,at,main course,7.74,408.47,true
747,326,vel,appetizer,85.18,2206.63,false
748,321,sapien,dessert,171.76,877.87,false
749,379,id,main course,296.28,349.0,true
750,472,blandit,main course,12.72,1999.55,false
751,193,porta,appetizer,240.07,1978.01,false
752,54,dictumst,dessert,140.11,2232.45,true
753,53,primis,appetizer,51.23,1701.72,false
754,374,id,appetizer,51.45,1805.05,true
755,297,erat,appetizer,108.65,643.5,false
756,3,id,dessert,26.95,231.72,true
757,260,cubilia,dessert,81.95,648.68,false
758,65,adipiscing,dessert,295.65,845.54,true
759,267,molestie,appetizer,293.62,1174.0,true
760,49,viverra,main course,53.24,1456.29,true
761,394,nam,dessert,281.7,105.59,false
762,255,leo,main course,99.66,2021.33,false
763,232,hendrerit,appetizer,182.68,1870.4,false
764,332,vel,dessert,292.7,1885.26,false
765,308,luctus,appetizer,133.04,550.68,false
766,310,pede,appetizer,60.03,2156.1,true
767,265,justo,main course,222.24,2196.69,true
768,123,potenti,dessert,68.79,993.61,true
769,341,penatibus,appetizer,271.83,115.65,true
770,95,proin,appetizer,83.03,220.79,false
771,315,eros,appetizer,268.43,84.75,true
772,54,diam,main course,51.11,1342.38,true
773,13,amet,dessert,175.61,1694.71,false
774,347,aenean,appetizer,169.54,2424.41,false
775,392,rutrum,appetizer,222.7,1715.08,true
776,413,lectus,main course,151.63,1112.81,true
777,324,leo,main course,112.24,673.19,true
778,156,in,appetizer,215.62,2430.14,true
779,290,eu,appetizer,241.14,115.82,true
780,399,malesuada,main course,117.45,191.82,true
781,53,dolor,dessert,27.11,1680.63,true
782,20,lacinia,appetizer,240.79,373.1,true
783,344,semper,main course,244.0,1511.44,false
784,433,sagittis,dessert,91.74,1054.56,true
785,452,placerat,appetizer,255.01,1647.88,true
786,166,volutpat,dessert,203.62,888.5,true
787,70,quam,main course,149.47,2098.89,false
788,48,turpis,appetizer,43.38,829.02,true
789,346,consequat,main course,70.79,1382.64,true
790,317,morbi,main course,88.36,2365.49,false
791,339,platea,appetizer,85.92,494.79,true
792,19,sed,main course,2.06,442.56,true
793,286,lectus,appetizer,204.98,2404.45,false
794,482,diam,dessert,229.88,1139.38,true
795,122,ipsum,dessert,187.08,2444.88,false
796,104,suscipit,appetizer,242.66,1474.42,false
797,44,sem,dessert,23.26,1758.31,false
798,310,magnis,appetizer,256.12,1455.98,true
799,35,sodales,dessert,114.33,1797.28,true
800,330,tempus,dessert,237.25,1459.3,true
801,417,ornare,dessert,24.37,1997.57,false
802,367,turpis,appetizer,228.45,592.83,true
803,118,integer,dessert,180.98,1667.77,false
804,405,consequat,appetizer,194.28,78.09,true
805,175,amet,appetizer,110.56,2038.38,true
806,83,nullam,dessert,212.93,524.81,false
807,108,vel,main course,209.65,1624.37,false
808,354,sed,main course,246.57,1588.82,true
809,298,consectetuer,appetizer,26.18,2196.1,false
810,59,sapien,dessert,76.61,1735.58,true
811,415,lacinia,main course,138.97,1627.2,false
812,112,quisque,appetizer,247.36,865.57,false
813,186,turpis,dessert,73.6,2092.66,false
814,350,neque,dessert,257.69,518.15,true
815,161,platea,appetizer,296.98,1892.14,false
816,300,amet,dessert,148.88,338.73,true
817,419,purus,dessert,80.88,931.1,true
818,468,sed,dessert,98.15,399.29,true
819,428,rutrum,dessert,75.89,1310.08,false
820,101,sit,dessert,116.24,418.57,false
821,80,sed,dessert,117.45,838.92,false
822,429,tristique,main course,132.97,2181.61,true
823,151,sem,appetizer,7.62,762.12,false
824,331,nisi,dessert,241.59,58.19,false
825,430,nulla,dessert,150.74,1944.23,true
826,436,lorem,appetizer,113.34,287.01,false
827,339,vestibulum,appetizer,289.76,470.34,false
828,326,cubilia,main course,118.27,1188.28,true
829,221,adipiscing,main course,23.1,2112.88,false
830,171,non,dessert,211.92,1709.76,false
831,312,curae,dessert,254.06,1282.98,true
832,48,massa,dessert,36.94,1723.3,true
833,463,pede,dessert,103.52,1222.78,false
834,300,interdum,appetizer,139.21,1981.2,false
835,450,tortor,main course,14.43,1766.34,true
836,326,eros,dessert,88.78,29.93,true
837,400,dolor,main course,103.21,320.38,true
838,463,quam,appetizer,157.24,1451.62,false
839,203,in,main course,10.21,1539.35,true
840,48,sapien,main course,1.66,810.66,true
841,447,lobortis,dessert,122.55,1644.28,true
842,320,sociis,appetizer,154.95,1889.11,true
843,110,posuere,main course,205.67,655.74,false
844,311,parturient,dessert,271.67,1944.55,false
845,218,rutrum,dessert,159.06,2224.33,false
846,467,ligula,appetizer,184.83,1242.03,false
847,305,vitae,main course,280.47,1353.65,false
848,340,iaculis,main course,191.91,1642.94,false
849,406,luctus,dessert,169.38,2026.78,true
850,44,dignissim,main course,121.71,2307.0,false
851,56,curabitur,main course,286.3,2034.88,false
852,36,elit,main course,41.74,2193.91,true
853,426,tincidunt,dessert,132.84,1491.2,true
854,281,justo,dessert,151.42,1210.36,false
855,384,et,dessert,140.61,413.94,false
856,248,dui,appetizer,180.5,615.82,false
857,129,pede,appetizer,201.66,1816.44,false
858,103,arcu,appetizer,293.95,1827.56,true
859,396,orci,dessert,157.86,727.63,false
860,458,aliquet,appetizer,57.95,1770.02,true
861,205,duis,appetizer,92.91,1571.01,false
862,432,gravida,main course,8.97,1500.26,true
863,221,erat,dessert,283.01,1793.41,true
864,419,felis,dessert,149.4,1572.94,true
865,180,felis,main course,94.61,798.91,true
866,193,nulla,dessert,129.78,1645.14,true
867,246,tristique,appetizer,19.65,1930.82,true
868,103,luctus,main course,267.59,2030.66,true
869,488,convallis,dessert,28.88,1875.44,true
870,373,eu,main course,252.2,2436.73,false
871,309,mattis,appetizer,190.68,1639.26,false
872,489,mauris,appetizer,51.75,2250.77,true
873,211,nulla,appetizer,19.02,2108.15,false
874,174,sem,dessert,1.66,376.6,true
875,104,ac,main course,37.34,694.95,true
876,353,vitae,dessert,131.08,1928.65,false
877,81,eu,appetizer,257.74,1341.0,false
878,410,ipsum,dessert,59.33,1907.33,false
879,135,metus,dessert,42.87,1646.16,false
880,346,interdum,appetizer,213.69,788.82,false
881,231,ante,main course,164.96,972.88,false
882,413,sagittis,appetizer,143.08,1800.52,true
883,421,iaculis,dessert,144.66,1248.52,false
884,382,aliquam,dessert,155.26,1837.01,true
885,121,eget,main course,176.56,710.4,false
886,62,id,main course,18.21,2288.14,false
887,40,nunc,main course,72.87,1705.46,false
888,348,non,appetizer,245.32,710.19,false
889,181,venenatis,appetizer,65.1,290.8,false
890,333,quis,dessert,15.82,1476.31,false
891,456,vehicula,dessert,122.38,1263.28,true
892,51,magnis,main course,176.16,273.0,false
893,134,imperdiet,appetizer,114.16,606.67,false
894,230,dolor,main course,245.86,30.55,false
895,153,nisl,main course,173.43,707.68,true
896,220,felis,dessert,46.2,641.06,true
897,416,ridiculus,main course,297.58,1319.84,false
898,85,turpis,dessert,165.2,1648.26,false
899,364,curabitur,dessert,20.49,561.3,true
900,246,eu,dessert,259.62,1826.03,false
901,275,tempor,dessert,170.31,1023.76,false
902,354,convallis,appetizer,297.99,1887.29,true
903,143,nunc,appetizer,181.57,903.82,true
904,424,libero,appetizer,235.15,1251.52,true
905,476,donec,main course,6.49,940.96,false
906,462,vel,main course,147.53,158.41,false
907,282,integer,main course,56.15,2338.28,false
908,403,maecenas,appetizer,267.62,1231.48,true
909,35,at,appetizer,241.54,1290.35,false
910,355,id,main course,276.24,1669.72,false
911,186,nunc,dessert,47.89,1846.24,true
912,282,eros,dessert,90.18,1877.48,false
913,428,ante,dessert,121.98,258.33,true
914,76,erat,appetizer,132.98,2466.98,false
915,266,sociis,dessert,206.75,1284.81,false
916,339,quis,dessert,212.24,456.0,false
917,52,sed,appetizer,195.25,1135.42,true
918,28,sodales,appetizer,155.77,1682.28,true
919,212,nisi,main course,113.95,1844.07,false
920,234,vel,appetizer,11.87,559.52,true
921,182,nibh,dessert,249.83,2435.81,true
922,247,interdum,main course,59.85,8.85,true
923,349,vestibulum,appetizer,269.5,1849.03,false
924,57,proin,appetizer,51.02,105.65,true
925,105,eros,main course,26.84,1633.77,true
926,43,at,appetizer,238.41,1712.62,true
927,111,cras,main course,25.71,206.12,true
928,496,orci,appetizer,70.88,654.62,true
929,75,diam,main course,294.22,1183.55,true
930,183,sapien,dessert,78.12,2197.92,false
931,269,nibh,appetizer,103.86,1783.89,false
932,133,ornare,appetizer,162.42,1118.52,false
933,102,morbi,dessert,172.79,2279.65,false
934,500,pretium,appetizer,127.42,681.29,true
935,168,nisi,appetizer,89.97,2177.73,false
936,306,mauris,appetizer,40.0,1823.6,false
937,327,luctus,appetizer,131.68,1103.5,true
938,121,accumsan,dessert,75.74,2375.93,false
939,349,rutrum,main course,179.26,1056.93,false
940,26,suspendisse,main course,281.09,75.4,false
941,403,lacinia,main course,124.36,2141.76,true
942,473,at,dessert,167.33,2316.53,false
943,274,diam,main course,112.01,870.66,false
944,286,habitasse,appetizer,1.3,2305.78,true
945,197,hac,dessert,47.27,1031.63,true
946,170,dui,main course,23.66,1727.84,true
947,130,sed,dessert,184.64,38.91,true
948,178,ut,dessert,45.35,1378.23,true
949,373,bibendum,main course,136.63,1238.35,true
950,204,ut,appetizer,7.99,2107.12,true
951,438,ut,dessert,188.52,1180.46,true
952,481,mauris,main course,234.09,2043.16,false
953,153,tempor,main course,33.93,2466.37,false
954,191,posuere,dessert,51.33,1233.71,false
955,355,nisi,appetizer,92.36,2327.79,true
956,268,interdum,main course,131.99,2325.73,false
957,481,maecenas,appetizer,204.33,1368.53,false
958,202,arcu,appetizer,36.35,1287.29,true
959,183,blandit,appetizer,207.59,2035.75,true
960,302,non,dessert,48.02,780.42,true
961,49,commodo,appetizer,95.27,170.11,false
962,337,pede,main course,241.54,2256.79,true
963,368,magnis,appetizer,107.24,1242.15,false
964,402,vel,appetizer,290.53,173.5,true
965,260,nulla,appetizer,143.62,1056.57,false
966,411,viverra,appetizer,237.75,1359.59,true
967,459,aenean,dessert,226.31,1482.12,true
968,202,natoque,main course,247.34,591.73,false
969,245,neque,appetizer,171.32,292.06,true
970,168,ac,dessert,145.8,1827.65,true
971,404,cum,appetizer,221.4,2442.49,false
972,457,aliquam,dessert,292.15,2473.56,true
973,395,sapien,dessert,241.19,1439.87,false
974,392,cras,main course,238.44,331.76,true
975,19,proin,main course,186.77,2374.37,true
976,389,morbi,appetizer,1.62,1767.19,true
977,171,dui,main course,111.91,117.57,true
978,166,odio,dessert,87.24,262.02,true
979,237,in,main course,297.0,1259.82,true
980,80,nec,dessert,201.8,1934.19,true
981,285,ac,main course,291.97,729.1,true
982,345,non,dessert,204.37,675.82,true
983,145,morbi,appetizer,76.69,1399.24,false
984,238,lobortis,appetizer,183.96,1803.01,true
985,342,tortor,dessert,47.16,410.31,false
986,243,at,main course,279.72,2050.77,true
987,302,libero,dessert,293.01,1934.05,true
988,86,nisl,dessert,138.22,2085.37,true
989,130,eu,dessert,259.26,937.91,true
990,407,aliquet,main course,183.6,311.87,true
991,159,in,appetizer,256.04,1569.23,true
992,272,id,appetizer,181.98,1874.02,false
993,160,non,dessert,167.4,1210.15,true
994,40,ac,appetizer,52.44,836.84,true
995,410,id,main course,138.41,1058.21,false
996,149,cubilia,appetizer,44.6,597.29,true
997,324,habitasse,main course,254.11,1434.31,false
998,430,nibh,dessert,145.7,1757.46,true
999,326,a,dessert,289.89,42.08,false
1000,211,suscipit,dessert,34.48,1391.36,true
