Id,RestaurantId,Name,Role,Age,DriversLicence
1,382,Cloe Gunney,waiter,37,false
2,349,Joell Screech,waiter,23,false
3,70,Betteanne Fried,waiter,23,true
4,240,Ginger Oland,waiter,40,true
5,343,Morly Tuiller,delivery man,18,false
6,4,Anjela Franceschi,delivery man,42,false
7,184,Hunter Hully,waiter,58,true
8,234,Masha Philippson,delivery man,20,true
9,303,Joya Polk,chef,57,true
10,105,Darn Saleway,chef,47,true
11,419,Yale Tims,delivery man,43,false
12,141,Izabel Marxsen,delivery man,50,true
13,367,Felix Grubbe,chef,59,false
14,405,Ninnetta Germain,chef,45,true
15,6,Lorne Schubuser,chef,40,true
16,314,Morgen Gegay,chef,59,true
17,469,Gar Flavelle,delivery man,23,true
18,198,Susanetta Dies,delivery man,55,false
19,98,Kay Melin,chef,52,true
20,12,Leyla Lanaway,waiter,48,true
21,409,Lillis Klulisek,waiter,38,true
22,397,Carin Shirrell,delivery man,56,true
23,210,Angele Gong,delivery man,27,true
24,208,Sammie Ingleston,delivery man,29,true
25,223,Emmet Boulder,waiter,19,true
26,400,Erasmus Towers,delivery man,23,true
27,278,Else Ashford,chef,22,false
28,149,Symon Naerup,delivery man,22,false
29,5,Tanitansy Amor,waiter,31,false
30,133,Emmeline Goady,waiter,46,false
31,5,Jamey Kall,delivery man,37,true
32,273,Marinna Pearne,chef,45,true
33,432,Patty Rising,delivery man,50,false
34,152,Adelina Noteyoung,delivery man,35,false
35,201,Kaitlynn Reisk,waiter,57,false
36,332,Miguela Lagen,delivery man,25,true
37,405,Roddy Soares,waiter,55,true
38,162,Paxon Veighey,waiter,46,false
39,285,Rosemonde Chettle,delivery man,54,true
40,410,Odie Chimenti,waiter,54,true
41,16,Cecilius Pavkovic,delivery man,42,false
42,427,Devy Peteri,waiter,22,false
43,162,Roth Blenkharn,chef,54,true
44,268,Hildagarde Causon,chef,58,true
45,396,Vinnie Karpenko,waiter,39,false
46,479,Loretta Dimitriades,delivery man,39,true
47,457,Ericka Ayto,delivery man,37,false
48,93,Zitella Naton,chef,52,true
49,172,Laurie Dundendale,chef,52,true
50,228,Loreen Sanderson,delivery man,36,false
51,39,Nester Petrashkov,delivery man,33,true
52,50,Alyson Ogborne,delivery man,34,true
53,471,Itch Keyho,waiter,36,false
54,5,Jennine Kinnoch,waiter,34,false
55,10,Katusha Derington,waiter,47,true
56,38,Darnell Tetford,chef,24,false
57,64,Celestine Kulis,waiter,29,true
58,299,Veradis Conisbee,chef,50,false
59,13,Nate Janos,waiter,28,false
60,155,Yovonnda Haskett,delivery man,42,true
61,473,Leonardo Eyeington,chef,26,true
62,13,Jarrid Pretorius,waiter,51,false
63,161,Dayna Lydall,waiter,50,false
64,273,Anthiathia Heading,delivery man,53,false
65,419,Mercy Haycock,chef,47,false
66,59,Will Millichap,delivery man,56,true
67,97,Leisha End,waiter,26,false
68,431,Jenilee Rhelton,chef,45,false
69,55,Jemie Boxell,chef,49,false
70,87,Carrie Klaussen,waiter,59,true
71,399,Shirlene MacKinnon,chef,45,false
72,210,Evangelina Tabbitt,delivery man,46,true
73,345,Miguelita Teligin,delivery man,25,true
74,35,Adrianne Menlove,delivery man,37,false
75,58,Packston Hannaby,delivery man,45,false
76,106,Haley Kopacek,waiter,47,false
77,467,Tod Ozintsev,waiter,17,false
78,254,Diana Thor,chef,50,false
79,351,Vanny Martschke,chef,18,false
80,207,Augie Vasnetsov,delivery man,54,false
81,432,Lorne Stares,waiter,44,true
82,179,Meier Bysouth,chef,55,true
83,463,Rachael MacLure,delivery man,57,true
84,421,Marlowe Kear,chef,16,true
85,83,Sapphira Baly,delivery man,50,true
86,341,Derrik Presnell,delivery man,46,false
87,410,Lulu Caron,delivery man,42,false
88,278,Andros Pindar,waiter,36,false
89,479,Ernestus Jeannot,delivery man,49,false
90,402,Sandy Champkins,waiter,37,false
91,339,Ninnette Skedgell,chef,36,false
92,498,Celestina MacIlwrick,chef,36,true
93,94,Gav Mattersley,chef,33,true
94,332,Kassandra Brashier,waiter,44,true
95,47,Shane Heavyside,chef,15,false
96,190,Gisela Franklin,delivery man,27,false
97,473,Vincenty Mourant,delivery man,60,false
98,441,Angil Ramsby,chef,42,false
99,419,Nanni Codrington,waiter,60,false
100,413,Fairleigh Vant,chef,50,true
101,491,Dido Baxstare,waiter,15,true
102,361,Donnie Denny,delivery man,20,false
103,381,Rory Purches,delivery man,51,true
104,356,Rinaldo Beden,delivery man,43,true
105,226,Brett Groombridge,delivery man,16,true
106,1,Mirabella Rye,chef,43,false
107,345,Danie Vassman,waiter,53,true
108,105,Kaiser Picford,waiter,57,false
109,120,Madeline Hungerford,delivery man,44,false
110,242,Berget Madner,chef,25,true
111,234,Beltran Koppe,delivery man,42,false
112,70,Antony McCahill,chef,45,false
113,43,Ellie Saxelby,chef,17,false
114,72,Terence Burrill,waiter,30,true
115,57,Dionysus Denisovich,chef,20,false
116,12,Isidro Ducker,waiter,36,true
117,336,Trudie Marginson,chef,52,false
118,454,Michelina Fordham,chef,27,true
119,343,Tobe Bradder,chef,40,false
120,207,Patten Laurenz,waiter,49,true
121,302,Ricoriki Kondratovich,chef,19,false
122,462,Fiann Levensky,delivery man,34,true
123,285,Land Diggell,chef,57,true
124,107,Helaina Turmell,delivery man,32,true
125,368,Aileen Palfree,delivery man,60,false
126,76,Quinton Ainsley,waiter,60,true
127,354,Tiertza Grimbleby,waiter,27,false
128,413,Brigitte Shapcote,waiter,47,true
129,267,Trevar Tal,delivery man,48,true
130,343,Sofia Cotte,delivery man,35,false
131,228,Karilynn Norquay,waiter,56,true
132,67,Carolynn Ducker,chef,16,false
133,410,Bobbie Colrein,delivery man,46,false
134,342,Gav Diprose,delivery man,20,false
135,495,Trudy Balstone,chef,15,true
136,94,Yorker Oliphant,chef,20,false
137,393,Leslie Hillen,chef,33,true
138,264,Rutger Hans,waiter,19,true
139,432,Valene Hanway,waiter,44,false
140,235,Ellswerth Sandlin,waiter,22,true
141,323,Gertruda Ciccetti,waiter,27,false
142,500,Nathaniel Toby,waiter,34,false
143,302,Trip Skelhorn,delivery man,57,true
144,100,Rochelle Kezourec,chef,56,true
145,412,Minnie Pordall,waiter,56,false
146,483,Gabby Obern,waiter,32,true
147,381,Adela DeSousa,delivery man,44,true
148,343,Zackariah Gypps,chef,26,true
149,55,Mychal Breeder,chef,59,false
150,158,Daisi Taberer,chef,21,false
151,368,Reggy Aucott,waiter,52,false
152,61,Brandon Secombe,chef,43,false
153,327,Jamie Morrel,waiter,59,false
154,450,Alfy Lemin,delivery man,22,false
155,5,Darrick Spriggen,chef,41,false
156,475,Jakob Tutchings,waiter,39,true
157,52,Sallyanne Scoggan,chef,51,true
158,206,Ogdan Titchen,delivery man,22,false
159,244,Briana Rix,waiter,18,true
160,474,Baillie Edmead,chef,17,false
161,335,Fernande Dood,delivery man,50,true
162,86,Kerrin Duro,delivery man,49,false
163,367,Jory MacEntee,chef,56,false
164,32,Sibby Caves,waiter,49,false
165,246,Terence Brigstock,chef,37,false
166,435,Ellwood Grimmert,chef,18,false
167,25,Lilah Horstead,waiter,59,false
168,298,Hobie Billinge,delivery man,40,true
169,98,Vinni Gummary,delivery man,24,false
170,186,Andy Yea,waiter,15,false
171,369,Tersina Millsom,delivery man,24,false
172,186,Spike Dobbison,waiter,49,true
173,312,Saundra Merwe,waiter,25,true
174,459,Kristoforo Llorente,chef,44,true
175,115,Mair Peter,delivery man,18,true
176,200,Andreas Maly,waiter,46,true
177,416,Germaine Garroway,waiter,36,true
178,149,Jephthah Claige,chef,20,true
179,152,Weidar Surgison,delivery man,22,true
180,297,Loydie Beernaert,chef,26,false
181,132,Ad Luckman,waiter,56,true
182,462,Shoshana O'Beirne,chef,22,false
183,67,Hewitt Clougher,delivery man,41,true
184,377,Juline Schiersch,delivery man,42,true
185,280,Gerik Wrought,delivery man,36,false
186,424,Zachariah Fernely,chef,32,true
187,174,Kalindi Saph,waiter,40,true
188,46,Erv Kramer,waiter,22,false
189,307,Bobby Jiggens,waiter,56,false
190,471,Rawley Byas,waiter,20,false
191,420,Dolly Paulusch,waiter,27,false
192,204,Faunie Leyton,chef,57,true
193,121,Heidie Neicho,chef,58,true
194,179,Xenia Ornils,delivery man,32,true
195,448,Ariella Barrington,delivery man,31,true
196,289,Blane Tregea,waiter,32,true
197,153,Heinrick Keaveney,chef,47,true
198,351,Berte McManamon,waiter,18,false
199,130,Lenora Barnhill,chef,54,true
200,228,Sean Doddridge,delivery man,35,true
201,135,Abner Goodright,delivery man,20,false
202,111,Riki Cornall,waiter,53,false
203,156,Ileana Winterson,waiter,52,true
204,334,Andrea Note,delivery man,26,true
205,312,Kenna Golston,chef,23,true
206,350,Allyn Barenskie,chef,28,false
207,238,Deloris Bilbrook,waiter,40,true
208,336,Anna-maria Kettel,chef,52,false
209,410,Dennis Annis,delivery man,37,false
210,259,Orlando Mancktelow,waiter,44,true
211,90,Jarret Ickovicz,delivery man,45,true
212,217,Burnaby Galland,waiter,19,false
213,81,Toddy McGing,delivery man,52,true
214,381,Harrietta Amber,delivery man,38,true
215,449,Thalia Palethorpe,delivery man,59,true
216,207,Dalia Minghella,delivery man,42,false
217,20,Reagan Carvilla,delivery man,23,true
218,240,Lanie Fairhead,chef,25,false
219,128,Marlon Bebb,delivery man,46,true
220,146,Otha Abbot,chef,25,false
221,56,Christie Allward,waiter,49,true
222,76,Natividad Tidgewell,delivery man,28,false
223,441,Alistair Wiggett,chef,60,true
224,170,Delaney Cobelli,delivery man,50,true
225,496,Staci Hucquart,chef,30,true
226,176,Moise Lafaye,waiter,57,false
227,156,Mercie Bushe,chef,43,true
228,169,Reidar Ingon,chef,55,true
229,498,Lynnet Ibell,delivery man,49,false
230,23,Leone Meco,chef,48,false
231,197,Petra Miskin,chef,31,true
232,478,Darcee Okenden,delivery man,33,false
233,137,Stafani Brumble,waiter,32,false
234,380,Flossy Gullivan,chef,49,false
235,288,Lilyan Edgecombe,waiter,58,false
236,38,Tamma Rustidge,waiter,53,true
237,254,Jacqui Locker,delivery man,26,false
238,94,Brunhilda Frangello,waiter,19,true
239,169,Jolie Kunath,waiter,44,false
240,441,Barn Driutti,delivery man,26,true
241,364,Vladamir McGaw,waiter,60,false
242,381,Adriane Nortunen,delivery man,35,true
243,32,Mella Pimer,delivery man,46,true
244,459,Joshia Bagott,delivery man,60,false
245,203,Oberon Edgcumbe,waiter,60,false
246,457,Almira Ovey,delivery man,29,true
247,107,Jon Woodrow,chef,51,true
248,41,Loutitia Bogeys,chef,15,false
249,86,Cazzie Daine,waiter,18,true
250,463,Quentin Gremane,delivery man,29,false
251,219,Giorgio Boundy,delivery man,44,true
252,214,Livvie Carlino,chef,32,false
253,381,Camey Bretelle,chef,52,true
254,393,Elvira McCrorie,chef,42,true
255,384,Jinny Shutle,waiter,22,false
256,377,Cecilla Kienzle,delivery man,33,true
257,187,Thekla Saich,chef,34,false
258,367,Morty Bottrell,delivery man,19,false
259,257,Moise Joule,chef,16,true
260,404,Jule Mayhou,waiter,58,false
261,175,Paton Challender,waiter,46,true
262,170,Reider Wixey,chef,39,false
263,153,Dill Falvey,chef,30,true
264,310,Almire Trenchard,waiter,55,true
265,241,Iormina Kill,waiter,26,true
266,429,Dixie Hawken,chef,27,true
267,244,Aldridge Bertelsen,waiter,41,true
268,440,Lazare Crabbe,chef,15,false
269,14,Concordia Haggar,waiter,23,true
270,452,Hermine McFie,waiter,19,false
271,164,Cariotta Broggio,waiter,51,true
272,101,Waylin Sawden,delivery man,35,false
273,330,Hallsy Morgan,chef,16,true
274,443,Kliment Langhorn,delivery man,54,false
275,307,Neill Muneely,chef,26,true
276,132,Edgar Lovekin,chef,22,true
277,248,Darrell Van der Mark,delivery man,32,true
278,174,Bobbye Wride,chef,33,false
279,110,Mahala Peppett,chef,49,false
280,273,Kamilah Labrow,delivery man,25,false
281,384,Delbert Ramble,delivery man,27,true
282,346,Rosabelle Baggaley,chef,25,false
283,240,Nicolis Flukes,waiter,26,false
284,396,Coriss Quarry,waiter,18,false
285,332,Allis Studdard,waiter,53,true
286,124,Bonnibelle Lackinton,waiter,21,false
287,134,Tanney Lovat,chef,58,true
288,70,Davis Willstrop,delivery man,25,false
289,287,Barn Lange,chef,57,false
290,235,Lorraine McVicker,waiter,17,true
291,103,Kyla Kopta,delivery man,21,false
292,402,Ignacius Mesant,delivery man,34,true
293,221,Doug Chapman,delivery man,39,false
294,88,Blanch Theis,delivery man,32,false
295,495,Son James,chef,28,false
296,258,Reginald Joinsey,waiter,17,false
297,364,Phil Loveridge,waiter,47,false
298,367,Emera Dawe,chef,28,true
299,15,Darbee Dungee,chef,43,false
300,44,Imogene Pancast,delivery man,21,false
301,500,Josefa Cashford,delivery man,33,false
302,15,Burgess Houlridge,chef,44,false
303,126,Curtis Sporle,chef,46,true
304,387,Forest Canfer,chef,39,false
305,476,Lorelle Airlie,waiter,39,true
306,117,Lewiss Wildish,chef,57,true
307,236,Halie Cosbee,chef,30,true
308,491,Hermann Toye,delivery man,26,false
309,470,Bertha Karchewski,delivery man,35,false
310,6,Shandie Iston,waiter,18,true
311,204,Arni Weller,delivery man,50,true
312,500,Marabel Roswarne,delivery man,21,true
313,320,Moselle Finden,waiter,59,false
314,123,Kipper Pieroni,chef,48,true
315,167,Alena Lighten,delivery man,51,true
316,89,Timmi Laffling,chef,24,false
317,489,Geneva Rundle,chef,41,true
318,249,Lutero Lorenz,chef,56,true
319,437,Dolorita Vasyunichev,delivery man,60,false
320,412,Gaylor Daal,chef,25,true
321,465,Sal McTaggart,chef,40,true
322,199,Reube Sergison,delivery man,50,false
323,12,Truda Gwinnell,waiter,28,true
324,442,Emmie Spadoni,waiter,17,true
325,494,Lyn MacPhaden,waiter,47,false
326,60,Haley Stubbings,delivery man,28,false
327,203,Giustino Cahalin,delivery man,20,true
328,28,Jinny Coslett,waiter,47,true
329,446,Wilhelmine Concannon,chef,25,false
330,278,Harlen Ghiraldi,chef,58,true
331,488,Denna Langran,delivery man,30,true
332,48,Phedra Muzzall,delivery man,15,true
333,230,Noby Cosely,chef,58,false
334,417,Lilla Bradburn,chef,52,false
335,279,Bryanty Alty,chef,56,false
336,329,Zita Hacon,waiter,26,false
337,58,Babbie Favela,waiter,41,true
338,410,Matilda Bilbee,chef,45,true
339,317,Hertha Bartozzi,waiter,30,false
340,308,Ofilia Uc,waiter,52,true
341,70,Tabbie Guilfoyle,chef,30,false
342,211,Glynnis Dominguez,delivery man,50,true
343,37,Rosette Oldford,chef,55,true
344,395,Kristofer Grevile,chef,36,true
345,269,Inez Bleythin,waiter,42,false
346,152,Ari Whitcomb,waiter,35,false
347,55,Olive Moores,chef,50,false
348,418,Sylas Verchambre,chef,49,false
349,470,Erastus Ivell,waiter,23,false
350,410,Minny Pulhoster,waiter,58,false
351,5,Pinchas Allport,delivery man,29,false
352,75,Obadiah Liggett,waiter,48,false
353,421,Allyce McCreedy,chef,33,true
354,280,Nikos Gravatt,delivery man,44,true
355,160,Yves Beecham,delivery man,58,false
356,92,Laurie Satyford,chef,38,false
357,66,Katya Rawe,delivery man,25,true
358,213,Geneva Dearness,waiter,35,true
359,195,Giacobo Waeland,delivery man,39,false
360,477,Basile Folkes,waiter,27,true
361,187,Marten Loughlan,chef,17,false
362,454,Zak Frohock,chef,19,true
363,346,Mirella Chasle,delivery man,19,true
364,201,Pat Ellit,delivery man,50,true
365,308,Godfree Brumble,chef,29,true
366,294,Gavan Peartree,chef,27,true
367,164,Rollin Rudolph,waiter,29,true
368,438,Park Merkel,delivery man,40,false
369,301,Joceline Creegan,waiter,53,false
370,385,Emmott Harcus,chef,22,false
371,253,Faina Stollenhof,chef,56,true
372,135,Frederick Mallen,delivery man,16,false
373,407,Joceline Grabban,chef,59,false
374,454,Timi Ribbens,delivery man,54,false
375,165,Allan Zealey,delivery man,27,true
376,282,Etty Filewood,delivery man,51,true
377,418,Carlotta Lampen,chef,55,false
378,256,Maggie Avraham,chef,44,false
379,188,Beryle Lawrence,chef,59,false
380,235,Quintin Insley,waiter,21,false
381,64,Morris Luxon,waiter,53,true
382,400,Shalne Muat,delivery man,21,true
383,277,Hector Purle,waiter,60,true
384,109,Tessi Grey,delivery man,52,true
385,42,Julius Geipel,chef,55,false
386,178,Elly Phayre,chef,48,true
387,360,Roanna Wermerling,delivery man,47,false
388,175,Solomon Driffill,waiter,45,true
389,469,Richie Voysey,waiter,19,false
390,124,Shepperd Willsmore,waiter,54,false
391,216,Crosby Tyres,chef,23,true
392,413,Michail Wenger,delivery man,50,false
393,416,Lydon Idiens,delivery man,29,false
394,327,Michaela Cattermoul,waiter,40,false
395,194,Jaymie Banisch,waiter,57,true
396,59,Magdalene Jost,chef,55,false
397,480,Byron Greenhall,chef,35,true
398,127,Uriel Vernazza,chef,24,false
399,343,Rahel Ivashnikov,delivery man,35,true
400,65,Yettie Deakins,waiter,27,true
401,500,Waverley Alesio,chef,21,true
402,222,Chaim Andrewartha,chef,48,false
403,229,Aleece Winridge,chef,37,false
404,448,Gilbert Bichener,waiter,40,false
405,204,Rorie Avrashin,waiter,19,false
406,44,Amberly Nairne,chef,44,true
407,484,Murdoch Hambling,chef,29,false
408,331,Damaris Ygo,waiter,19,false
409,235,Sancho Gheorghe,chef,40,true
410,265,Nadine Danigel,chef,49,false
411,283,Lexy Ferriby,delivery man,37,false
412,82,Spike Chalmers,delivery man,45,false
413,230,Robinett Littlefair,chef,21,false
414,32,Curt Berfoot,delivery man,27,true
415,495,Kassi Ryce,delivery man,57,false
416,155,Ailina Callinan,chef,37,false
417,33,Van Patis,waiter,52,false
418,130,Wilton Forte,delivery man,34,false
419,493,Luce Corse,chef,19,false
420,476,Pat Offen,chef,47,false
421,147,Rodd Limming,delivery man,26,true
422,410,Rollins Drexel,delivery man,43,true
423,261,Gustaf McGiveen,delivery man,57,true
424,112,Jillana Oats,delivery man,45,false
425,54,Charita Punshon,waiter,58,true
426,39,Violetta Gittoes,waiter,23,false
427,63,Kitti Ivchenko,delivery man,32,true
428,86,Catina Ackeroyd,waiter,22,false
429,150,Jenda Clemoes,chef,48,true
430,264,Chane Salatino,waiter,32,true
431,177,Charin Cruft,delivery man,33,false
432,441,Kristo Welbeck,waiter,58,false
433,392,Marijn Chasson,delivery man,49,true
434,455,Chelsy Eymer,delivery man,22,false
435,121,Tedmund Blew,delivery man,60,false
436,370,Mindy Lettington,waiter,42,false
437,430,Lauri Landsberg,delivery man,23,false
438,98,Teddie Antognozzii,delivery man,17,true
439,103,Remington Brandoni,delivery man,41,false
440,66,Virgie Blissett,delivery man,46,false
441,384,Bartholemy Colbeck,waiter,47,false
442,465,Mirna Caron,waiter,42,true
443,310,Marrissa Pigney,delivery man,22,false
444,127,Isaiah Bruckenthal,chef,51,true
445,98,Emory Bellino,chef,29,false
446,358,Dennis Bartozzi,delivery man,55,true
447,418,Joy Maykin,delivery man,19,false
448,25,Carlye Lyptratt,waiter,40,false
449,23,Pavlov Kinnen,waiter,52,true
450,319,Mikael Sharrocks,chef,23,true
451,260,Deloris Croal,waiter,17,true
452,61,Colan Torrisi,chef,47,false
453,214,Rozella Delve,delivery man,15,false
454,17,Munroe Allsopp,chef,51,true
455,444,Agace Codron,waiter,16,true
456,403,Hanni Swannell,chef,15,true
457,224,Davina Hustings,delivery man,38,true
458,417,Caz Powell,delivery man,46,false
459,181,Clio Tarren,chef,23,true
460,260,Bibi Sieur,delivery man,37,false
461,287,Bibbie Goozee,waiter,43,true
462,331,Evangelin Speedin,chef,32,false
463,101,Andriana Burbridge,delivery man,22,true
464,441,Yehudit Bricknall,chef,52,true
465,491,Anabelle Trim,chef,34,false
466,15,Gibbie Rennolds,waiter,56,true
467,261,Marcelle Beeke,chef,42,false
468,359,Celestia German,waiter,29,true
469,430,Raine Pursglove,chef,40,true
470,13,Joana Gyves,delivery man,31,true
471,8,Russell Dunbobin,waiter,31,true
472,214,Justino Aked,waiter,39,false
473,355,Adele Spratt,chef,17,true
474,307,Roderick Righy,waiter,42,false
475,422,Maddi Regelous,chef,29,true
476,242,Barton Fronzek,chef,50,true
477,95,Camel Antushev,chef,36,true
478,132,Gan Scammell,waiter,21,true
479,260,Annabella Tidcomb,chef,17,true
480,44,Henka Parsell,waiter,42,false
481,372,Jackquelin Challender,chef,56,true
482,96,Jens Becom,delivery man,58,false
483,222,Romain Follacaro,chef,41,false
484,57,Ebba Hayball,waiter,36,false
485,116,Wilma Bottomer,delivery man,60,true
486,447,Katrine Ilyinski,waiter,47,true
487,71,Rutger Collyear,delivery man,57,true
488,102,Haydon Gillice,chef,15,false
489,5,Cherilynn Oldis,waiter,21,false
490,197,Hermia Hardinge,waiter,15,false
491,222,Marthe Fazakerley,delivery man,30,true
492,373,Rossy Dinkin,delivery man,22,true
493,69,Rena Dunsleve,waiter,46,true
494,256,Pearle Broom,delivery man,40,false
495,7,Erick Muzzillo,chef,53,true
496,414,Cross Merrigan,chef,41,true
497,123,Martita Frostdyke,delivery man,15,true
498,488,Culley Clinch,delivery man,22,true
499,86,Jemie Wheelton,delivery man,44,false
500,364,Koressa Hurton,delivery man,42,false
